OBJECTID,TOWN,ZIP_CODE,CTRACT2000,CBLKGROUP,TRCTBLKGRP,FOREC_RATE,SUBLN_RATE,Acres,Shp_Length,Shape__Area,Shape__Length
1,Pawtucket,02860,150,2,150.002,9,5.254908,129.67577024,9877.37746125,5648676.83183289,9877.37746124931
2,Pawtucket,02860,151,2,151.002,11,5.254908,62.9302226,8453.8556916,2741240.63266754,8453.85569159833
3,Pawtucket,02860,151,3,151.003,11,5.254908,39.78177688,6177.11314056,1732894.2870636,6177.11314055535
4,Pawtucket,02860,152,1,152.001,7,5.254908,66.89072062,9375.29771776,2913759.93489075,9375.29771775624
5,Pawtucket,02860,152,2,152.002,7,5.254908,76.05085187,8873.49715482,3312775.27217102,8873.49715481771
6,Pawtucket,02860,153,1,153.001,11,5.254908,51.46121117,6249.80293259,2241650.4701767,6249.80293258848
7,Pawtucket,02860,153,2,153.002,11,5.254908,51.08191747,6349.72084128,2225128.43563843,6349.72084128179
8,Pawtucket,02860,154,1,154.001,11,5.254908,49.55522893,7405.6807874,2158625.87930298,7405.68078740334
9,Pawtucket,02860,154,2,154.002,11,5.254908,39.50321293,6200.70725075,1720760.04078674,6200.70725074879
10,Pawtucket,02860,160,1,160.001,9,5.254908,100.5362945,12443.794162,4379361.20568085,12443.7941619905
11,Pawtucket,02860,160,2,160.002,9,5.254908,66.74852524,7940.01237149,2907565.90399933,7940.01237149275
12,Pawtucket,02860,160,3,160.003,9,5.254908,104.8760893,16230.916062,4568402.67682648,16230.9160619556
13,Pawtucket,02860,161,1,161.001,10,5.254908,82.86059757,10553.0243896,3609407.80926514,10553.0243895561
14,Pawtucket,02860,161,2,161.002,10,5.254908,42.62457344,6352.13698875,1856726.51158142,6352.13698875224
15,Pawtucket,02860,161,3,161.003,10,5.254908,57.57918399,8188.22311855,2508149.37939453,8188.22311854784
16,Pawtucket,02860,161,4,161.004,10,5.254908,53.33135333,9670.33679975,2323113.86669159,9670.33679975345
17,Pawtucket,02860,163,1,163.001,8,5.254908,331.32432108,17609.3549334,14432488.142334,17609.3549334407
18,Pawtucket,02860,163,2,163.002,8,5.254908,76.44699255,8213.66680957,3330031.16098785,8213.66680957438
19,Pawtucket,02860,163,3,163.003,8,5.254908,39.20733478,5385.78206147,1707871.58782196,5385.7820614742
20,Pawtucket,02860,164,1,164.001,11,5.254908,78.98289507,8300.02359788,3440495.07995605,8300.02359787501
21,Pawtucket,02860,164,2,164.002,11,5.254908,62.60158211,7533.6114896,2726925.05216217,7533.61148959908
22,Pawtucket,02860,164,3,164.003,11,5.254908,156.16704444,12272.0301501,6802636.79329681,12272.0301500817
23,Pawtucket,02860,166,1,166.001,9,5.254908,131.82727204,14462.5137996,5742396.2549057,14462.513799649
24,Pawtucket,02860,166,2,166.002,9,5.254908,48.36718166,7208.92412957,2106874.53784943,7208.92412956984
25,Pawtucket,02860,167,1,167.001,8,5.254908,92.80370809,12804.9706963,4042529.72532654,12804.970696316
26,Pawtucket,02860,167,2,167.002,8,5.254908,45.11333142,6439.61117729,1965136.81427765,6439.61117729319
27,Pawtucket,02860,167,3,167.003,8,5.254908,65.3550989,7287.60477597,2846868.24961853,7287.60477597313
28,Pawtucket,02860,171,1,171.001,7,5.254908,155.20129227,10614.3212949,6760568.62687683,10614.3212948788
29,Pawtucket,02860,171,3,171.003,7,5.254908,134.59482192,11993.6433554,5862950.73368835,11993.6433553515
30,Pawtucket,02860,171,4,171.004,7,5.254908,28.22166332,7345.74144326,1229335.71551514,7345.74144326249
31,Pawtucket,02861,155,1,155.001,9,3.321639,64.05647069,7782.33443196,2790300.00185394,7782.33443196457
32,Pawtucket,02861,155,2,155.002,9,3.321639,44.38185688,6501.41678464,1933273.78161621,6501.41678464082
33,Pawtucket,02861,155,3,155.003,9,3.321639,76.9016729,7711.50795357,3349837.03798676,7711.50795357147
34,Pawtucket,02861,155,4,155.004,9,3.321639,36.35790674,5498.58622865,1583750.49635315,5498.58622865214
35,Pawtucket,02861,156,2,156.002,8,3.321639,29.98196639,6305.56675588,1306014.52095795,6305.5667558836
36,Pawtucket,02861,156,3,156.003,8,3.321639,50.44380718,7131.99836992,2197332.349823,7131.99836992119
37,Pawtucket,02861,156,4,156.004,8,3.321639,38.60304779,6214.02655826,1681548.84553528,6214.02655825746
38,Pawtucket,02861,157,2,157.002,7,3.321639,64.23047709,8495.18452605,2797879.72097778,8495.18452604911
39,Pawtucket,02861,157,3,157.003,7,3.321639,73.29018516,9176.94044407,3192520.62410736,9176.94044406917
40,Pawtucket,02861,157,4,157.004,7,3.321639,36.13420638,5515.69131402,1574006.10822296,5515.6913140187
41,Pawtucket,02861,158,2,158.002,7,3.321639,46.57584576,6207.07668666,2028843.94229126,6207.07668665909
42,Pawtucket,02861,158,3,158.003,7,3.321639,73.68227064,7461.33879816,3209599.86850739,7461.33879816204
43,Pawtucket,02861,158,4,158.004,7,3.321639,33.74397294,5505.93352582,1469887.53424072,5505.93352582415
44,Pawtucket,02861,158,5,158.005,7,3.321639,34.47134914,5508.33508155,1501572.04335022,5508.33508154942
45,Pawtucket,02861,159,1,159.001,8,3.321639,52.305565,7311.02946315,2278430.52442932,7311.02946315278
46,Pawtucket,02861,159,2,159.002,8,3.321639,38.03637935,5719.10489929,1656864.76683044,5719.10489928712
47,Pawtucket,02861,159,3,159.003,8,3.321639,34.12197224,5066.1392782,1486353.1847229,5066.13927819843
48,Pawtucket,02861,159,4,159.004,8,3.321639,63.64811273,8728.66314475,2772511.92834473,8728.663144746
49,Pawtucket,02861,168,1,168.001,7,3.321639,81.23439665,8390.23754975,3538570.49383545,8390.23754975264
50,Pawtucket,02861,168,2,168.002,7,3.321639,52.05372158,6398.85217489,2267460.22476196,6398.85217489075
51,Pawtucket,02861,168,3,168.003,7,3.321639,87.4389553,7842.77124761,3808841.0821991,7842.77124761154
52,Pawtucket,02861,170,2,170.002,7,3.321639,69.25319136,7503.00425788,3016669.16550446,7503.00425788491
53,Pawtucket,02861,170,3,170.003,7,3.321639,71.04123276,7111.42537656,3094556.2527771,7111.42537655588
54,Pawtucket,02861,170,4,170.004,7,3.321639,62.96163911,6928.41543584,2742609.13595581,6928.41543584129
55,Central Falls,02863,108,1,108.001,12,2.32888,89.35815597,9921.34536635,3892441.46724701,9921.34536635062
56,Central Falls,02863,108,2,108.002,12,2.32888,95.02225177,8965.61601138,4139169.49259949,8965.61601138286
57,Central Falls,02863,109,2,109.002,11,2.32888,56.22053187,6983.05726895,2448966.48973846,6983.05726895468
58,Central Falls,02863,109,3,109.003,11,2.32888,64.77722464,7432.93989512,2821696.0453186,7432.93989511981
59,Central Falls,02863,110,2,110.002,12,2.32888,55.02749997,6722.83246696,2396998.01766968,6722.83246695505
60,Central Falls,02863,110,3,110.003,12,2.32888,46.71094138,6298.52772405,2034728.70785522,6298.5277240543
61,Central Falls,02863,111,1,111.001,11,2.32888,67.65958148,8631.73155886,2947251.51578522,8631.73155885653
62,Central Falls,02863,111,2,111.002,11,2.32888,115.02415419,11977.1719255,5010452.40536499,11977.1719254952
63,Cumberland,02864,112,4,112.004,7,2.097485,94.40611738,13317.3601045,4112330.67725372,13317.3601044673
64,Cumberland,02864,112,5,112.005,7,2.097485,73.38671334,9292.47602591,3196725.39194489,9292.4760259136
65,Warwick,02886,211,5,211.005,7,3.187281,131.5861318,14234.3314988,5731892.18579865,14234.3314987975
66,Warwick,02886,217,1,217.001,7,3.187281,194.36079105,21775.9567886,8466356.47835541,21775.9567885884
67,Warwick,02886,217,3,217.003,7,3.187281,98.53953664,8542.42397179,4292382.42912292,8542.42397179301
68,Warwick,02886,217,4,217.004,7,3.187281,103.49993233,9702.24780733,4508457.27612305,9702.24780732717
69,Warwick,02886,217,5,217.005,7,3.187281,120.21923533,10649.567266,5236750.15110779,10649.56726596
70,Warwick,02888,211,1,211.001,7,2.799134,281.09132278,18649.6061084,12244338.6278,18649.6061084338
71,Warwick,02888,211,2,211.002,7,2.799134,433.84468085,25767.1450974,18898275.235199,25767.1450974193
72,Warwick,02888,211,4,211.004,7,2.799134,443.83946787,22912.690368,19333648.1796188,22912.6903680249
73,Warwick,02889,215.01,1,215.011,7,4.411435,74.27704349,10013.986597,3235508.17519379,10013.9865970182
74,Warwick,02889,215.01,2,215.012,7,4.411435,117.92062755,9733.82512236,5136622.79120636,9733.82512236429
75,Warwick,02889,215.01,3,215.013,7,4.411435,103.24514962,10266.0217849,4497358.94083405,10266.0217849074
76,West Warwick,02893,201.02,1,201.021,7,3.739643,228.27766689,13480.4510623,9943775.66305542,13480.4510622971
77,West Warwick,02893,202,4,202.004,7,3.739643,77.76916871,10884.9485933,3387625.15745544,10884.9485933247
78,West Warwick,02893,203,2,203.002,8,3.739643,164.99718333,12318.769866,7187277.66260529,12318.7698659887
79,West Warwick,02893,203,3,203.003,8,3.739643,115.96620395,10939.4919379,5051488.09481049,10939.4919378702
80,West Warwick,02893,203,4,203.004,8,3.739643,44.41349234,5844.04040016,1934651.82254028,5844.04040016159
81,West Warwick,02893,203,5,203.005,8,3.739643,42.77414786,6096.51842562,1863241.97328949,6096.51842562161
82,West Warwick,02893,203,6,203.006,8,3.739643,55.45479873,8146.76915861,2415611.15283203,8146.76915860955
83,West Warwick,02893,204,1,204.001,7,3.739643,93.91233069,8558.00698474,4090821.32790375,8558.00698474175
84,West Warwick,02893,204,2,204.002,7,3.739643,112.68215228,12735.3372764,4908434.79708099,12735.3372763843
85,West Warwick,02893,204,3,204.003,7,3.739643,205.47821601,13262.053988,8950631.53340912,13262.0539879524
86,Woonsocket,02895,173,1,173.001,7,4.306934,99.75587258,10480.9395377,4345366.02545166,10480.9395376955
87,Woonsocket,02895,173,2,173.002,7,4.306934,118.51787748,9996.89015376,5162638.99949646,9996.89015376491
88,Woonsocket,02895,173,3,173.003,7,4.306934,107.54699953,12107.1632295,4684747.53223419,12107.163229477
89,Woonsocket,02895,174,3,174.003,10,4.306934,105.09312679,9225.98422186,4577856.83023071,9225.98422185521
90,Woonsocket,02895,175,1,175.001,8,4.306934,95.51366755,9561.7518635,4160575.56494141,9561.75186349812
91,Woonsocket,02895,175,3,175.003,8,4.306934,116.48944365,10372.3626691,5074280.41733551,10372.3626691056
92,Woonsocket,02895,176,1,176.001,10,4.306934,52.34717522,6295.25015783,2280243.06583405,6295.25015783158
93,Woonsocket,02895,176,2,176.002,10,4.306934,85.70690798,9874.97517787,3733393.09690094,9874.97517787314
94,Woonsocket,02895,177,3,177.003,8,4.306934,89.26713326,10404.888585,3888476.51790619,10404.8885849871
95,Woonsocket,02895,178,1,178.001,10,4.306934,75.62644719,7837.8140531,3294288.20307922,7837.81405310161
96,Woonsocket,02895,178,2,178.002,10,4.306934,38.08767506,5176.81892326,1659099.2082901,5176.81892326078
97,Woonsocket,02895,178,3,178.003,10,4.306934,41.86735993,7452.13173166,1823742.28934479,7452.13173165612
98,Woonsocket,02895,179,1,179.001,9,4.306934,77.72878646,8472.49794136,3385866.10653687,8472.49794136203
99,Woonsocket,02895,179,2,179.002,9,4.306934,65.24472867,7870.90841103,2842060.52220154,7870.9084110303
100,Woonsocket,02895,179,3,179.003,9,4.306934,47.59491994,6277.55211982,2073234.81562805,6277.55211982185
101,Woonsocket,02895,180,2,180.002,10,4.306934,108.91916542,13134.5346246,4744519.08127594,13134.5346246294
102,Woonsocket,02895,180,3,180.003,10,4.306934,53.29076967,6655.76252232,2321346.04202271,6655.76252231549
103,Woonsocket,02895,181,2,181.002,9,4.306934,78.26091768,11644.0161862,3409045.7434845,11644.016186171
104,Woonsocket,02895,182,2,182.002,8,4.306934,43.04826995,8076.38082611,1875182.73222351,8076.38082610795
105,Woonsocket,02895,183,1,183.001,8,4.306934,75.36499474,12235.8991092,3282899.33418274,12235.8991091972
106,Providence,02904,28,2,28.002,9,3.709786,46.35845426,7418.15557358,2019374.36790466,7418.155573579
107,Providence,02904,28,5,28.005,9,3.709786,81.47051268,7969.69587441,3548855.70874786,7969.69587440732
108,Providence,02904,29,1,29.001,10,3.709786,124.49679603,16455.0594202,5423080.70407104,16455.0594202333
109,Providence,02904,29,2,29.002,10,3.709786,53.73978035,7206.11715673,2340904.94842529,7206.11715672786
110,Providence,02904,29,3,29.003,10,3.709786,73.59049193,6992.43745058,3205601.98777008,6992.43745057929
111,Providence,02904,29,4,29.004,10,3.709786,232.1857894,17477.2164115,10114013.4882507,17477.2164115102
112,Providence,02904,31,2,31.002,7,3.709786,3.69881074,2963.72702479,161120.204185486,2963.72702478799
113,Providence,02904,31,3,31.003,7,3.709786,18.65716529,3908.44366435,812706.160644531,3908.44366435001
114,Providence,02904,31,5,31.005,7,3.709786,127.98005842,15209.7272721,5574811.62130737,15209.7272720997
115,North Providence,02904,118,1,118.001,7,3.709786,231.14044686,12762.3592235,10068478.3647842,12762.3592235133
116,North Providence,02904,118,2,118.002,7,3.709786,107.61086765,9819.49889495,4687529.62753296,9819.4988949472
117,North Providence,02904,118,4,118.004,7,3.709786,118.08023582,9271.47927101,5143575.32756805,9271.47927100867
118,North Providence,02904,118,5,118.005,7,3.709786,159.31600663,10972.7501974,6939805.59312439,10972.7501974337
119,Providence,02905,1.01,1,1.011,11,4.038218,390.79705406,22149.0881818,17023120.5194168,22149.0881817894
120,Providence,02905,1.01,2,1.012,11,4.038218,27.78074479,4566.88508157,1210129.30310822,4566.8850815715
121,Providence,02905,1.01,3,1.013,11,4.038218,122.29962145,12516.74362,5327371.77471924,12516.7436200261
122,Providence,02905,1.01,4,1.014,11,4.038218,55.87655619,7043.04512879,2433982.90846252,7043.0451287897
123,Providence,02905,1.02,1,1.021,11,4.038218,53.13853637,8451.21099667,2314714.7593689,8451.21099667292
124,Providence,02905,1.02,3,1.023,11,4.038218,50.73174691,6815.38996069,2209875.00523376,6815.38996068503
125,Providence,02905,4,1,4.001,12,4.038218,65.21493254,7789.42376203,2840762.60269928,7789.42376202682
126,Providence,02905,4,3,4.003,12,4.038218,38.22636762,5563.46469891,1665140.65615845,5563.46469891422
127,Providence,02905,4,4,4.004,12,4.038218,31.72775385,4742.8791546,1382061.02671051,4742.87915459933
128,Providence,02905,5,1,5.001,13,4.038218,46.22526618,5820.22953501,2013572.6947403,5820.22953500748
129,Providence,02905,5,2,5.002,13,4.038218,24.65077269,4222.00593103,1073787.71172333,4222.0059310261
130,Providence,02905,5,3,5.003,13,4.038218,73.63815006,7426.75657804,3207677.97584534,7426.75657803751
131,Providence,02905,6,2,6.002,12,4.038218,88.038249,9472.34535491,3834946.31672668,9472.34535490511
132,Providence,02905,7,1,7.001,12,4.038218,13.49454794,3914.33683211,587822.537452698,3914.33683211078
133,Cranston,02905,135,1,135.001,7,4.038218,116.92648932,13062.6201439,5093318.1275177,13062.6201438866
134,Cranston,02905,135,2,135.002,7,4.038218,30.21147268,5785.06233602,1316011.81554413,5785.06233602098
135,Cranston,02905,135,3,135.003,7,4.038218,41.99543633,5564.01340682,1829321.29769135,5564.01340681985
136,Cranston,02905,135,4,135.004,7,4.038218,67.21131975,10449.8033383,2927725.23355103,10449.8033382516
137,Cranston,02905,135,5,135.005,7,4.038218,92.31180446,8642.21415812,4021102.4020462,8642.21415812118
138,Providence,02907,2,1,2.001,12,4.538329,48.44378902,7388.83193011,2110211.55443573,7388.83193010911
139,Providence,02907,2,2,2.002,12,4.538329,42.8253335,6085.54988893,1865471.62000275,6085.5498889291
140,Providence,02907,2,3,2.003,12,4.538329,31.63750737,4700.97038172,1378129.88980103,4700.97038171795
141,Providence,02907,2,4,2.004,12,4.538329,30.57020671,4719.69591126,1331638.27078247,4719.69591125924
142,Providence,02907,2,5,2.005,12,4.538329,118.3443108,11360.6452115,5155078.43414307,11360.6452115113
143,Providence,02907,3,1,3.001,12,4.538329,41.98203778,6307.12158172,1828737.6568222,6307.12158171621
144,Providence,02907,3,2,3.002,12,4.538329,38.13564166,6692.8711957,1661188.63328552,6692.8711957044
145,Providence,02907,3,3,3.003,12,4.538329,26.66146038,4694.69108982,1161373.27191925,4694.69108981809
146,Providence,02907,3,4,3.004,12,4.538329,34.7438961,5950.62416277,1513444.18939972,5950.62416276629
147,Providence,02907,3,5,3.005,12,4.538329,32.60661647,5530.50592449,1420344.28406525,5530.50592449398
148,Providence,02907,3,6,3.006,12,4.538329,42.94400845,6943.15747117,1870641.10121155,6943.1574711674
149,Providence,02907,3,7,3.007,12,4.538329,56.9365066,7077.95163504,2480154.35079956,7077.95163503834
150,Providence,02907,4,2,4.002,12,4.538329,24.37208323,4897.16627915,1061647.99835968,4897.16627915106
151,Providence,02907,7,2,7.002,12,4.538329,51.86782033,7921.7721075,2259362.3658371,7921.77210749687
152,Providence,02907,7,3,7.003,12,4.538329,17.685504,3959.27836836,770380.592506409,3959.27836835902
153,Providence,02907,12,1,12.001,8,4.538329,47.36275828,6675.27764147,2063121.85313416,6675.27764147021
154,Providence,02907,12,3,12.003,8,4.538329,39.31139378,5754.78926921,1712404.39816284,5754.78926921334
155,Providence,02907,14,1,14.001,13,4.538329,30.36486941,4818.2288138,1322693.77727509,4818.22881380228
156,Providence,02907,14,2,14.002,13,4.538329,38.96692751,5380.43792612,1697399.44667053,5380.43792612159
157,Providence,02907,14,5,14.005,13,4.538329,43.47717832,5943.2120915,1893865.98191071,5943.21209150211
158,Providence,02907,14,6,14.006,13,4.538329,41.12878519,6212.30911296,1791569.97188568,6212.30911295769
159,Providence,02907,15,2,15.002,9,4.538329,65.36900164,7784.90125218,2847473.85292053,7784.90125218255
160,Providence,02907,15,3,15.003,9,4.538329,45.31242183,7487.5299042,1973809.19301605,7487.52990420252
161,Providence,02908,21,1,21.001,10,5.590804,51.9822849,6554.0607559,2264348.44274902,6554.06075590328
162,Providence,02908,21,2,21.002,10,5.590804,41.80908007,6285.80285044,1821203.61834717,6285.80285043891
163,Providence,02908,21,3,21.003,10,5.590804,34.1744874,4858.21875551,1488640.7452774,4858.21875550635
164,Providence,02908,21,4,21.004,10,5.590804,57.59509861,6419.90576217,2508842.62007904,6419.90576216979
165,Providence,02908,21,5,21.005,10,5.590804,41.71473467,5510.28195044,1817093.93273163,5510.28195044281
166,Providence,02908,21,7,21.007,10,5.590804,40.58722004,5572.51308318,1767979.39268494,5572.51308317534
167,Providence,02908,21,8,21.008,10,5.590804,30.34749192,4991.85152441,1321936.81363678,4991.85152440837
168,Providence,02908,22,1,22.001,12,5.590804,80.97163422,8629.89465441,3527124.56195068,8629.89465440848
169,Providence,02908,22,2,22.002,12,5.590804,48.17003789,7278.41380418,2098286.95492554,7278.41380418021
170,Providence,02908,22,3,22.003,12,5.590804,37.63129339,5883.43174583,1639219.22135925,5883.43174583054
171,Providence,02908,22,4,22.004,12,5.590804,34.24329394,5041.31339105,1491637.9580307,5041.31339104823
172,Providence,02908,23,1,23.001,8,5.590804,35.23814994,5343.54310312,1534973.88766479,5343.54310312008
173,Providence,02908,23,3,23.003,8,5.590804,33.81677849,5017.43256908,1473058.94428253,5017.43256908428
174,Providence,02908,23,4,23.004,8,5.590804,44.49333831,6288.0039153,1938129.91314697,6288.00391530156
175,Providence,02908,23,5,23.005,8,5.590804,44.86568172,6902.32515611,1954349.19280243,6902.32515611175
176,Providence,02908,23,6,23.006,8,5.590804,43.65851928,6416.06153432,1901765.1942749,6416.06153431971
177,Providence,02908,24,1,24.001,7,5.590804,27.92748942,7904.55970131,1216521.4998703,7904.55970131338
178,Providence,02908,24,2,24.002,7,5.590804,62.09709886,8795.62395909,2704949.7607193,8795.62395909487
179,Providence,02908,24,3,24.003,7,5.590804,78.54345721,8363.27774711,3421353.16584015,8363.27774710982
180,Providence,02908,24,4,24.004,7,5.590804,93.92127917,10039.8049313,4091211.1237793,10039.8049313105
181,Providence,02908,24,6,24.006,7,5.590804,61.01534411,9306.35744651,2657828.52140808,9306.35744650633
182,Providence,02908,24,7,24.007,7,5.590804,51.85358818,6408.55940528,2258742.4135437,6408.55940527976
183,Providence,02908,25,1,25.001,9,5.590804,38.95223348,6705.9644089,1696759.37473297,6705.96440889521
184,Providence,02908,26,1,26.001,12,5.590804,45.75339968,6317.12872284,1993018.18895721,6317.12872283804
185,Providence,02908,26,2,26.002,12,5.590804,69.69971405,10108.7023004,3036119.69502258,10108.7023004407
186,Providence,02908,26,3,26.003,12,5.590804,48.63108278,6201.09665114,2118370.07125092,6201.09665113725
187,Providence,02908,27,1,27.001,11,5.590804,80.82222363,12038.2264049,3520616.23623657,12038.226404869
188,Providence,02908,27,2,27.002,11,5.590804,67.83635692,9867.20541926,2954951.85409546,9867.20541925744
189,Providence,02908,27,3,27.003,11,5.590804,68.42730617,7223.30251831,2980693.60461426,7223.30251831027
190,Providence,02908,27,4,27.004,11,5.590804,33.17326132,6488.74311462,1445027.33501434,6488.7431146162
191,Providence,02908,28,3,28.003,9,5.590804,49.99092578,7739.80938515,2177604.83522797,7739.80938514651
192,Providence,02908,28,4,28.004,9,5.590804,57.77666001,7707.68618279,2516751.43489838,7707.68618278869
193,Providence,02909,9,1,9.001,9,7.031425,10.56901548,5464.23822148,460386.337257385,5464.23822147598
194,Providence,02909,9,3,9.003,9,7.031425,12.61702908,2969.92423473,549597.814071655,2969.92423472659
195,Providence,02909,10,1,10.001,10,7.031425,69.37801291,10241.0809502,3022106.39247894,10241.0809502042
196,Providence,02909,10,2,10.002,10,7.031425,42.65206512,5593.70743356,1857924.04897308,5593.70743356123
197,Providence,02909,11,1,11.001,8,7.031425,9.65529403,2834.18319802,420584.628868103,2834.18319801704
198,Providence,02909,11,2,11.002,8,7.031425,9.87997242,3274.1368906,430371.620361328,3274.13689059765
199,Providence,02909,11,3,11.003,8,7.031425,15.83029402,3714.43203863,689567.64200592,3714.43203863313
200,Providence,02909,12,2,12.002,8,7.031425,37.71528639,5737.11861084,1642877.95663452,5737.11861084414
201,Providence,02909,13,1,13.001,10,7.031425,45.95877215,6423.22080425,2001964.21447754,6423.22080425214
202,Providence,02909,13,2,13.002,10,7.031425,29.17709709,4473.49474599,1270954.41235352,4473.49474599177
203,Providence,02909,13,3,13.003,10,7.031425,25.2984574,4494.04857032,1102000.85909271,4494.04857032167
204,Providence,02909,13,4,13.004,10,7.031425,44.55906248,7957.20565699,1940992.85822296,7957.20565699022
205,Providence,02909,14,3,14.003,13,7.031425,21.60289462,4187.32432479,941022.13659668,4187.32432478645
206,Providence,02909,14,4,14.004,13,7.031425,47.99000607,5585.9374964,2090444.76816559,5585.93749639977
207,Providence,02909,16,1,16.001,12,7.031425,35.68579562,5597.56965161,1554473.33462524,5597.56965160734
208,Providence,02909,16,2,16.002,12,7.031425,101.60698327,11037.7493506,4426000.41106415,11037.7493505568
209,Providence,02909,16,3,16.003,12,7.031425,39.29599403,7968.92265818,1711733.58521271,7968.9226581811
210,Providence,02909,16,4,16.004,12,7.031425,25.72844178,5465.83240411,1120730.97956085,5465.83240410616
211,Providence,02909,16,5,16.005,12,7.031425,40.46638738,5470.85889738,1762715.92211914,5470.85889738064
212,Providence,02909,16,6,16.006,12,7.031425,36.72823247,5044.48203782,1599881.88593292,5044.48203781817
213,Providence,02909,16,7,16.007,12,7.031425,21.57490959,4058.19726104,939803.108436584,4058.19726104211
214,Providence,02909,17,1,17.001,11,7.031425,30.09418697,5396.9803395,1310902.849823,5396.98033949839
215,Providence,02909,17,2,17.002,11,7.031425,58.75419878,6752.40762824,2559333.02625275,6752.40762824098
216,Providence,02909,17,3,17.003,11,7.031425,69.1052121,6804.30956769,3010223.1887207,6804.30956768921
217,Providence,02909,18,1,18.001,11,7.031425,68.85467246,7445.25111891,2999309.68148041,7445.25111890555
218,Providence,02909,18,3,18.003,11,7.031425,26.4452455,4591.88719619,1151954.9511795,4591.88719619404
219,Providence,02909,18,4,18.004,11,7.031425,41.34128713,6021.0933184,1800826.55704498,6021.09331839686
220,Providence,02909,18,5,18.005,11,7.031425,48.68376529,7226.95288834,2120664.92160797,7226.95288833582
221,Providence,02909,19,4,19.004,13,7.031425,18.79658922,4265.16538242,818779.467018127,4265.16538241594
222,Providence,02909,19,5,19.005,13,7.031425,32.88762653,5318.195121,1432585.08280945,5318.19512099826
223,Providence,02909,20,1,20.001,10,7.031425,112.17724025,9797.11171437,4886440.82804108,9797.11171436556
224,Providence,02909,20,4,20.004,10,7.031425,64.51988907,10581.5523577,2810486.50743103,10581.5523576809
225,Providence,02909,21,6,21.006,10,7.031425,30.99245333,5155.9404518,1350031.33434296,5155.9404518028
226,Cranston,02910,137.01,1,137.011,8,3.090244,85.8810452,8030.39347021,3740978.51461792,8030.39347020624
227,Cranston,02910,137.01,2,137.012,8,3.090244,107.22338011,9812.53794939,4670650.66960907,9812.53794939036
228,Cranston,02910,137.01,3,137.013,8,3.090244,78.60086245,7936.38956404,3423853.73830414,7936.38956404403
229,Cranston,02910,137.01,4,137.014,8,3.090244,77.27589683,7794.19393479,3366138.23298645,7794.19393478962
230,Cranston,02910,137.02,1,137.021,7,3.090244,53.09102014,6832.4935222,2312644.95238495,6832.49352220099
231,Cranston,02910,137.02,2,137.022,7,3.090244,87.93931331,14445.8823826,3830636.67772675,14445.8823826018
232,Cranston,02910,137.02,3,137.023,7,3.090244,57.35206677,7561.64935619,2498256.15258026,7561.64935618644
233,Cranston,02910,140,1,140.001,7,3.090244,98.17827077,8601.18867572,4276645.68720245,8601.18867572143
234,Cranston,02910,140,2,140.002,7,3.090244,108.9411867,9434.26383783,4745478.32808685,9434.26383783104
235,Cranston,02910,140,3,140.003,7,3.090244,135.85915732,11591.0646563,5918025.18655396,11591.0646563459
236,Cranston,02910,140,4,140.004,7,3.090244,72.69384086,8151.70792802,3166543.86524963,8151.70792802442
237,North Providence,02911,121.02,1,121.021,7,1.97059,97.30815291,9322.8261568,4238743.35109711,9322.82615680212
238,North Providence,02911,121.02,3,121.023,7,1.97059,63.57977918,6997.11490751,2769535.31871033,6997.11490750766
239,East Providence,02914,102,1,102.001,7,1.963126,124.29230232,10505.9121714,5414172.95770264,10505.9121713915
240,East Providence,02914,102,2,102.002,7,1.963126,43.8998221,7004.46303338,1912276.34588623,7004.46303338158
241,East Providence,02914,102,3,102.003,7,1.963126,72.57327954,8212.73289623,3161292.21365356,8212.73289622928
242,East Providence,02914,102,4,102.004,7,1.963126,70.37432602,8697.12013938,3065505.79389191,8697.12013938489
243,East Providence,02914,102,5,102.005,7,1.963126,80.08581252,9991.19174607,3488538.16680145,9991.19174607441
244,East Providence,02914,102,6,102.006,7,1.963126,45.63346415,5881.03753392,1987793.79724121,5881.03753392232
245,East Providence,02914,102,7,102.007,7,1.963126,125.82163147,14023.8413637,5480790.53897858,14023.841363691
246,East Providence,02914,103,1,103.001,7,1.963126,157.32677132,21568.5237334,6853154.49865723,21568.523733372
247,East Providence,02914,103,3,103.003,7,1.963126,201.03501295,19729.9447024,8757085.59883118,19729.9447024356
248,East Providence,02915,106,1,106.001,7,1.492872,127.58137916,11125.0653928,5557445.1519928,11125.0653928265
249,East Providence,02915,106,2,106.002,7,1.492872,62.67013326,11096.1271957,2729911.14059448,11096.1271956728
250,East Providence,02915,106,4,106.004,7,1.492872,66.86382763,14042.3815872,2912588.47605133,14042.3815871938
251,East Providence,02915,106,5,106.005,7,1.492872,50.72786134,9534.78520399,2209705.74958801,9534.78520398521
252,East Providence,02915,106,6,106.006,7,1.492872,98.14545582,11180.7446214,4275216.26789093,11180.744621416
253,East Providence,02915,106,7,106.007,7,1.492872,133.84393421,14900.1730963,5830242.0637207,14900.1730962706
254,Johnston,02919,124.01,2,124.012,7,3.560499,100.92873016,9630.31778208,4396455.70392609,9630.31778207969
255,Johnston,02919,124.01,3,124.013,7,3.560499,112.52565086,13339.6141964,4901617.59463501,13339.6141963591
256,Cranston,02920,141,1,141.001,10,3.776965,89.84160469,8885.20092574,3913500.49454498,8885.20092574392
257,Cranston,02920,141,2,141.002,10,3.776965,77.75674953,8001.89466885,3387084.17785645,8001.8946688456
258,Cranston,02920,141,3,141.003,10,3.776965,117.93616031,18141.0871541,5137299.39824677,18141.0871540909
259,Cranston,02920,147,1,147.001,9,3.776965,92.14690124,7912.65940025,4013919.21753693,7912.65940024839
260,Cranston,02920,147,2,147.002,9,3.776965,100.19607881,9908.56715833,4364541.40962219,9908.56715833371
261,Cranston,02920,147,3,147.003,9,3.776965,82.52709354,9127.01276424,3594880.37320709,9127.01276423724
262,Cranston,02920,147,4,147.004,9,3.776965,108.53051585,9051.11221543,4727589.50495911,9051.11221542878
263,Cranston,02920,147,5,147.005,9,3.776965,63.81949227,6909.36758747,2779977.2213974,6909.36758746665
264,Pawtucket,02860,150,1,150.001,9,5.254908,154.72129949,10935.4450326,6739660.14021301,10935.4450326393
265,Pawtucket,02860,151,1,151.001,11,5.254908,152.35805106,13008.7547684,6636717.03354645,13008.7547683714
266,Pawtucket,02860,171,2,171.002,7,5.254908,195.32795155,15748.8482766,8508485.99173737,15748.8482765616
267,Pawtucket,02861,157,1,157.001,7,3.321639,90.0729254,11961.4816,3923576.8250351,11961.4816000177
268,Pawtucket,02861,158,1,158.001,7,3.321639,184.86655693,31730.6268165,8052787.61925507,31730.6268164969
269,Pawtucket,02861,170,1,170.001,7,3.321639,226.06176953,16521.5790756,9847251.16928101,16521.5790755551
270,Central Falls,02863,109,1,109.001,11,2.32888,102.4135614,11781.3754316,4461134.95617676,11781.3754316125
271,Central Falls,02863,110,1,110.001,12,2.32888,61.00221575,11039.937939,2657256.64989471,11039.9379390366
272,Cumberland,02864,112,1,112.001,7,2.097485,153.44876754,14917.9423464,6684228.64588928,14917.9423463727
273,Cumberland,02864,112,2,112.002,7,2.097485,301.00665802,38188.7180445,13111850.6738434,38188.7180444922
274,Cumberland,02864,112,3,112.003,7,2.097485,128.23271656,16435.7006245,5585817.41068268,16435.7006244967
275,Warwick,02886,211,9,211.009,7,3.187281,910.30048817,40326.0478425,39652691.2318573,40326.047842481
276,Warwick,02886,217,2,217.002,7,3.187281,102.15878635,19384.9020401,4450036.95426178,19384.9020400683
277,Warwick,02886,219.02,1,219.021,7,3.187281,302.74928106,19297.8042939,13187759.3372726,19297.8042939078
278,Warwick,02886,219.02,2,219.022,7,3.187281,105.65075424,12625.4888994,4602147.08319855,12625.4888994368
279,Warwick,02886,219.02,3,219.023,7,3.187281,104.7768596,11691.7945228,4564080.23094177,11691.7945227581
280,Warwick,02888,211,3,211.003,7,2.799134,436.29407612,24293.6454007,19004970.898407,24293.6454006549
281,Warwick,02889,215.01,4,215.014,7,4.411435,185.67375309,24365.1248994,8087949.0859375,24365.1248993737
282,West Warwick,02893,201.02,3,201.023,7,3.739643,276.44932335,15377.6386047,12042133.1224823,15377.6386047475
283,West Warwick,02893,201.02,4,201.024,7,3.739643,147.06823768,28156.4405775,6406292.75122833,28156.4405775063
284,West Warwick,02893,202,1,202.001,7,3.739643,297.89792151,29489.8913854,12976434.1048431,29489.8913854225
285,West Warwick,02893,202,2,202.002,7,3.739643,153.47163323,23171.7281318,6685224.67533875,23171.7281317722
286,West Warwick,02893,202,3,202.003,7,3.739643,179.70194942,21777.0701668,7827817.30516052,21777.0701667587
287,West Warwick,02893,203,1,203.001,8,3.739643,114.41687423,10909.6462987,4983999.28869629,10909.64629867
288,Woonsocket,02895,174,1,174.001,10,4.306934,254.7265748,15551.1768267,11095890.1490097,15551.1768267187
289,Woonsocket,02895,174,2,174.002,10,4.306934,69.04333075,10370.4320904,3007527.63671112,10370.4320904229
290,Woonsocket,02895,175,2,175.002,8,4.306934,99.46887494,11921.8930303,4332864.40765381,11921.8930303293
291,Woonsocket,02895,177,1,177.001,8,4.306934,222.14821422,30584.1093542,9676776.6913681,30584.109354199
292,Woonsocket,02895,177,2,177.002,8,4.306934,476.91766975,25661.204125,20774534.7250443,25661.2041249554
293,Woonsocket,02895,180,1,180.001,10,4.306934,90.46610327,12765.4131116,3940703.65389252,12765.4131115692
294,Woonsocket,02895,181,3,181.003,9,4.306934,124.6019485,15194.6631403,5427661.14627075,15194.6631403013
295,Woonsocket,02895,182,1,182.001,8,4.306934,100.88380469,13793.7171507,4394498.75037384,13793.7171507011
296,Woonsocket,02895,185,1,185.001,7,4.306934,151.80103366,15488.4096889,6612453.35420227,15488.4096889489
297,Woonsocket,02895,185,2,185.002,7,4.306934,485.6264674,24690.4230841,21153889.9695282,24690.42308414
298,Woonsocket,02895,185,3,185.003,7,4.306934,324.4027004,27350.0378735,14130982.3303909,27350.0378735084
299,Providence,02904,28,1,28.001,9,3.709786,165.96036777,15238.6035032,7229233.97891998,15238.6035031813
300,Providence,02904,29,5,29.005,10,3.709786,128.32749908,16936.9411571,5589946.13751221,16936.9411571452
301,Providence,02904,31,4,31.004,7,3.709786,15.06345227,5430.00558262,656164.013793945,5430.00558262183
302,North Providence,02904,118,3,118.003,7,3.709786,109.88132894,13152.9510034,4786430.92622375,13152.9510034099
303,Providence,02905,1.02,2,1.022,11,4.038218,223.76048825,50082.0850062,9747007.3516922,50082.0850062185
304,Providence,02905,6,1,6.001,12,4.038218,159.4976471,20161.980746,6947717.8523407,20161.9807460441
305,Cranston,02905,136,1,136.001,7,4.038218,127.43525587,13795.2919232,5551080.02141571,13795.2919232452
306,Providence,02907,1.02,4,1.024,11,4.538329,260.83806599,33438.9967494,11362106.7184906,33438.9967494371
307,Providence,02907,15,1,15.001,9,4.538329,241.18877486,29037.8811153,10506183.5542908,29037.8811152541
308,Providence,02908,23,2,23.002,8,5.590804,82.97558196,8855.76118706,3614416.52973175,8855.76118706137
309,Providence,02908,25,2,25.002,9,5.590804,198.90678039,29708.9989591,8664379.78393555,29708.9989591186
310,Providence,02909,18,2,18.002,11,7.031425,93.09195318,12902.6037997,4055085.68196869,12902.6037996971
311,Providence,02909,18,6,18.006,11,7.031425,173.20187671,16018.1748451,7544674.12374115,16018.1748450585
312,Providence,02909,19,1,19.001,13,7.031425,52.76288485,13114.8960008,2298351.37831116,13114.8960008179
313,Providence,02909,19,2,19.002,13,7.031425,42.63188963,8682.19609045,1857045.20484161,8682.19609044554
314,Providence,02909,19,3,19.003,13,7.031425,74.67329939,18589.5568737,3252769.08283234,18589.5568736595
315,Providence,02909,19,6,19.006,13,7.031425,48.3240308,10187.4573584,2104994.88627625,10187.4573584019
316,Providence,02909,20,2,20.002,10,7.031425,114.15557491,13833.5269137,4972617.08978271,13833.526913719
317,Providence,02909,20,3,20.003,10,7.031425,73.30861119,12739.0535411,3193323.26191711,12739.0535411409
318,Providence,02909,24,5,24.005,7,7.031425,305.85438383,18009.5257745,13323017.6206741,18009.5257745061
319,Cranston,02910,136,2,136.002,7,3.090244,169.79910618,17746.6144133,7396449.43217468,17746.6144133374
320,Cranston,02910,136,3,136.003,7,3.090244,179.69746243,18134.1232444,7827621.85173035,18134.1232443615
321,Cranston,02910,140,5,140.005,7,3.090244,93.67117063,14135.110643,4080316.39504242,14135.1106429833
322,North Providence,02911,121.02,2,121.022,7,1.97059,130.29287498,12216.3756838,5675557.91577911,12216.3756837696
323,North Providence,02911,121.02,4,121.024,7,1.97059,86.32630437,19786.7689835,3760374.00531769,19786.7689835394
324,East Providence,02914,103,2,103.002,7,1.963126,415.82683556,28868.7309638,18113417.8556747,28868.7309638243
325,East Providence,02915,106,3,106.003,7,1.492872,39.71488219,8651.32288286,1729980.35431671,8651.32288285809
326,Johnston,02919,124.01,1,124.011,7,3.560499,167.50616798,12960.717662,7296569.03917694,12960.7176619558
327,Johnston,02919,124.01,4,124.014,7,3.560499,609.15083412,28536.738108,26534611.6504745,28536.7381079528
328,Johnston,02919,124.01,5,124.015,7,3.560499,244.5327696,18415.6718836,10651847.9721756,18415.671883596
329,Johnston,02919,124.02,1,124.021,7,3.560499,429.388137,25480.5281738,18704148.1753998,25480.5281737808
330,Johnston,02919,124.02,2,124.022,7,3.560499,450.57676387,24853.9495279,19627124.8080444,24853.94952785
331,Johnston,02919,125,1,125.001,7,3.560499,310.10861721,22358.9134178,13508332.0359192,22358.9134178141
332,Johnston,02919,125,2,125.002,7,3.560499,1406.52334293,57147.7631382,61268159.8570633,57147.7631381511
333,Cranston,02920,141,4,141.004,10,3.776965,188.9856267,27494.7547861,8232214.30747223,27494.7547860747
334,Cranston,02920,147,6,147.006,9,3.776965,451.92356673,51006.5470984,19685791.5432663,51006.5470984202
